<?xml version="1.0" encoding="UTF-8"?>
<synthetic xmlns:xsi="http://www.w3.org/2001/XMLSchema-instance" xmlns="http://www.xebialabs.com/deployit/synthetic" xsi:schemaLocation="http://www.xebialabs.com/deployit/synthetic synthetic.xsd">

  <type type="eos.ExecutedDeploymentRequest" extends="udm.BaseDeployed" deployable-type="eos.DeploymentRequest" container-type="eos.TargetHost">
    <generate-deployable type="eos.DeploymentRequest" extends="udm.BaseDeployable"/>
    <property name="groupId"/>
    <property name="artifactId"/>
    <property name="version"/>
  </type>
 
  <type type="eos.TargetHost" extends="generic.Container" description="Host that EOS will target for its deployments" >
    <property name="hostname" required="false" />
    <property name="deploymentLabel" required="false" />
  </type>
 
  <type-modification type="udm.Environment">
    <property name="eosRestApiUrl" category="eos" />
  </type-modification>

</synthetic>
