<?xml version="1.0"?>
<rules xmlns="http://www.xebialabs.com/xl-deploy/xl-rules">

    <rule name="eos_request_deploy" scope="deployed">
        <conditions>
            <type>eos.ExecutedDeploymentRequest</type>
            <operation>CREATE</operation>
            <operation>MODIFY</operation>
        </conditions>
        <steps>
            <jython>
                <description expression="true">"Performing Deployment to EOS REST API " + deployed.name + ":" +  deployed.artifactId + ":" + deployed.version + " to " + deployed.container.name</description>
                <order>44</order>
                <script-path>eos/eos-perform-deploy.py</script-path>
                <jython-context>
                    <deployed expression="true">deployed</deployed>
                    <deployedApplication expression="true">deployedApplication</deployedApplication>
                </jython-context>
            </jython>
        </steps>
    </rule>

    <rule name="eos_request_undeploy" scope="deployed">
        <conditions>
            <type>eos.ExecutedDeploymentRequest</type>
            <operation>DESTROY</operation>
        </conditions>
        <steps>
            <jython>
                <description expression="true">"Performing UnDeployment to EOS REST API"</description>
                <order>44</order>
                <script-path>eos/eos-perform-undeploy.py</script-path>
                <jython-context>
                    <deployed expression="true">previousDeployed</deployed>
                    <deployedApplication expression="true">deployedApplication</deployedApplication>
                </jython-context>
            </jython>
        </steps>
    </rule>

</rules>
