<?xml version='1.0' encoding='UTF-8'?>
<!--

    THIS CODE AND INFORMATION ARE PROVIDED "AS IS" WITHOUT WARRANTY OF ANY KIND, EITHER EXPRESSED OR
    IMPLIED, INCLUDING BUT NOT LIMITED TO THE IMPLIED WARRANTIES OF MERCHANTABILITY AND/OR FITNESS
    FOR A PARTICULAR PURPOSE. THIS CODE AND INFORMATION ARE NOT SUPPORTED BY XEBIALABS.

-->
<synthetic xsi:schemaLocation="http://www.xebialabs.com/deployit/synthetic synthetic.xsd" xmlns="http://www.xebialabs.com/deployit/synthetic" xmlns:xsi="http://www.w3.org/2001/XMLSchema-instance">
    
<type type="stubhub.CreateToolsIssue" extends="jira.CreateIssue">
        <property name="scriptLocation" default="stubhub/jira/create-tools-issue.py" hidden="true" />
        <property name="environment" category="input" /> 
        <property name="stream" category="input" />
    </type>
    <type-modification type="jenkins.Build">
        <property name="runStep" category="input" default="true" />
        <property name="operationType" category="input" default="build" />
        <property name="jobParameters" category="input" hidden="true" default="none" />
    </type-modification>

    <type type="jenkins.BuildWithParams" extends="xlrelease.PythonScript">
        <property name="scriptLocation" default="jenkins/BuildWithParams.py" hidden="true" />
        <property name="iconLocation" default="jenkins/jenkins.png" hidden="true" />

        <property name="jenkinsServer" category="input" label="Server" referenced-type="jenkins.Server" kind="ci"/>
        <property name="username" category="input"/>
        <property name="password" password="true" category="input"/>
        <property name="jobName" category="input"/>
        <property name="jobParameters" category="input" size="large" />
        <property name="runStep" category="input" default="true" />
        <property name="operationType" category="input" default="buildWithParameters" />

        <property name="buildNumber" category="output"/>
        <property name="buildStatus" category="output"/>
    </type>

    <type type="stubhub.CaptureArtifacts" extends="xlrelease.PythonScript">
        <property name="scriptLocation" default="stubhub/jenkins/capture-artifacts.py" hidden="true" />
        <property name="jenkinsServer" category="input" label="Server" referenced-type="jenkins.Server" kind="ci"/>
        <property name="jobName" category="input"/>
        <property name="buildNumber" category="input"/>
        <property name="capturedArtifacts" default="${capturedArtifacts}" category="output"/>
        <property name="releaseVersion" default="${releaseVersion}" category="output"/>
        <property name="capturedArtifactsDescription" default="${capturedArtifactsDescription}" category="output"/>
    </type>

    <type type="stubhub.ListApproval" extends="xlrelease.PythonScript">
        <property name="scriptLocation" default="stubhub/approve/list-approval.py" hidden="true" />
        <property name="itemsToApprove" size="large" category="input"/>
        <property name="approvalList" size="large" category="input"/>
        <property name="approvedItems" default="${approvedItems}" size="large" category="output"/>
    </type>

    <type type="stubhub.Deployment" extends="xlrelease.PythonScript">
        <property name="scriptLocation" default="stubhub/deployment/deploy.py" hidden="true" />
        <property name="environment" category="input" />
        <property name="username" category="input"/>
        <property name="itemsToDeploy" size="large" category="input"/>
        <property name="releaseVersion"  default="${releaseVersion}" size="large" category="input"/>
    </type>
   
    <type type="stubhub.WriteToReleaseTrain" extends="xlrelease.PythonScript">
        <property name="scriptLocation" default="stubhub/releasetrain/write.py" hidden="true" />
        <property name="fileLocation" default="/tmp/releasetrain.txt" category="input"/>
        <property name="itemsToDeploy" size="large" category="input"/>
        <property name="releaseVersion"  default="${releaseVersion}" size="large" category="input"/>
    </type>
    <type type="stubhub.PrepareReleaseTrain" extends="xlrelease.PythonScript">
        <property name="scriptLocation" default="stubhub/releasetrain/prepare.py" hidden="true" />
        <property name="fileLocation" default="/tmp/releasetrain.txt" category="input"/>
        <property name="itemsOnTrain" size="large" category="output"/>
    </type>

    <type type="my.CopyPhaseContentsTask" extends="xlrelease.PythonScript">
      <property name="sourceTemplateTitle" required="false" category="input"/>
      <property name="sourcePhaseTitle" category="input"/>
    </type>
    
    <type type="xldeploy.Task" extends="xlrelease.PythonScript" virtual="true">
        <property name="iconLocation" default="xldeploy/xldeploy-icon-black-small.png" hidden="true" />
        <property name="taskColor" hidden="true" default="#68B749" />

        <property name="xldeployServer" category="input" label="Server" referenced-type="xldeploy.Server" kind="ci"/>
        <property name="username" category="input" label="username" required="true" />
        <property name="password" password="true" category="input" required="true" />

        <property name="continueIfStepFails" category="input" kind="boolean" />
        <property name="numberOfContinueRetrials" category="input" kind="integer" />
        <property name="pollingInterval" category="input" label="Polling Interval" default="10" required="true" kind="integer" description="Polling interval in seconds to check task status."/>
        <property name="numberOfPollingTrials" category="input" label="Polling Retry Count" required="true" kind="integer" description="Number of times to retry check for task status."/>
    </type>

    <type type="xldeploy.DeployTask" extends="xldeploy.Task" description="Execute a deploy task on XLD">
        <property name="scriptLocation" default="xldeploy/deployTask.py" hidden="true" />
        
        <property name="deploymentPackage" category="input" label="Deployment Package" required="true" />
        <property name="environment" category="input" label="Environment" default="" required="true" />
        <property name="orchestrators" category="input" label="Orchestrators" default="" required="false" />
        <property name="deployedApplicationProperties" category="input" default="" required="false" description="A dictionary with key value pairs" />
        <property name="deployedProperties" category="input" default="" required="false" description="A dictionary with key value pairs" />
        <property name="rollbackOnError" category="input" kind="boolean" />

    </type>
    
    <type type="xldeploy.ControlTask" extends="xldeploy.Task" description="Execute a control task on XLD">
        <property name="scriptLocation" default="xldeploy/controlTask.py" hidden="true" />

        <property name="ciId" category="input" label="Configuration Item Id" required="true" />
        <property name="controlTaskName" category="input" label="Control Task Name" default="" required="false" />
        <property name="parameters" category="input" default="" required="false" description="A dictionary with key value pairs" />
    </type>

    <type type="xldeploy.MigrateTask" extends="xlrelease.PythonScript" description="Migrate a package from one XLD to another XLD">
        <property name="scriptLocation" default="xldeploy/migrateTask.py" hidden="true" />
        <property name="xldeployServer" category="input" label="Source server" referenced-type="xldeploy.Server" kind="ci"/>
        <property name="username" category="input" label="Source username" required="true" />
        <property name="password" password="true" label="Source password" category="input" required="true" />
        <property name="destinationXLDeployServer" category="input" label="Destination server" referenced-type="xldeploy.Server" kind="ci"/>
        <property name="destinationUsername" category="input" label="Destination username" required="true" />
        <property name="destinationPassword" password="true" category="input" label="Destination password" required="true" />
        <property name="deploymentPackage" category="input" label="Deployment Package" required="true" />
    </type>

    <type type="xldeploy.GetLatestVersionTask" extends="xlrelease.PythonScript" description="Finds the latet version of a package for a application">
        <property name="scriptLocation" default="xldeploy/getLatestVersionTask.py" hidden="true" />
        <property name="xldeployServer" category="input" label="Server" referenced-type="xldeploy.Server" kind="ci"/>
        <property name="username" category="input" label="username" required="true" />
        <property name="password" password="true" category="input" required="true" />
        <property name="applicationId" category="input" label="Application ID" required="true" />
        <property name="stripApplications" category="input" kind="boolean" />
        <property name="packageId" category="output" label="Package ID" />
    </type>

    <type type="xldeploy.Server" extends="configuration.HttpConnection"/>
    <type type="eos.Server" extends="configuration.HttpConnection"/>
    <type type="eos.PerformDeploy" extends="xlrelease.PythonScript">
        <property name="scriptLocation" default="eos/performDeploy.py" hidden="true"/>
        <property name="eosServer" category="input" label="Server" referenced-type="eos.Server" kind="ci"/>
        <property name="username" category="input"/>
        <property name="password" password="true" category="input"/>
        <property name="deployRequest" category="input"/>

        <property name="result" category="output"/>
    </type>
    


</synthetic>
